-- Adminer 3.3.3 MySQL dump

SET NAMES utf8;
SET foreign_key_checks = 0;
SET time_zone = 'SYSTEM';
SET sql_mode = 'NO_AUTO_VALUE_ON_ZERO';

DROP TABLE IF EXISTS `flight`;
CREATE TABLE `flight` (
  `flight_id` int(11) NOT NULL AUTO_INCREMENT,
  `origin_airport_id` int(11) NOT NULL,
  `destination_airport_id` int(11) NOT NULL,
  `seatmap_id` int(11) NOT NULL,
  `flight_number` varchar(32) NOT NULL,
  `date_scheduled` datetime DEFAULT NULL,
  PRIMARY KEY (`flight_id`)
) ENGINE=InnoDB AUTO_INCREMENT=33340 DEFAULT CHARSET=utf8;

TRUNCATE `flight`;
INSERT INTO `flight` (`flight_id`, `origin_airport_id`, `destination_airport_id`, `seatmap_id`, `flight_number`) VALUES
(1,1,2,1, 'DL1121'),
(2,1,3,2, 'DL2132'),
(3,1,4,3, 'DL3143'),
(4,1,5,4, 'DL4154'),
(5,1,6,5, 'DL5165'),
(6,1,7,6, 'DL6176'),
(7,1,8,7, 'DL7187'),
(8,1,9,8, 'DL8198'),
(9,1,10,9, 'DL9110'),
(10,1,11,10, 'DL1011'),
(11,1,12,1, 'DL1111'),
(12,1,13,2, 'DL1211'),
(13,2,1,3, 'DL1321'),
(14,2,3,4, 'DL1423'),
(15,2,4,5, 'DL1524'),
(16,2,5,6, 'DL1625'),
(17,2,6,7, 'DL1726'),
(18,2,7,8, 'DL1827'),
(19,2,8,9, 'DL1928'),
(20,2,9,10, 'AA2029'),
(21,2,10,1, 'AA2121'),
(22,2,11,2, 'AA2221'),
(23,2,12,3, 'AA2321'),
(24,2,13,4, 'AA2421'),
(25,3,1,5, 'AA2531'),
(26,3,2,6, 'AA2632'),
(27,3,4,7, 'AA2734'),
(28,3,5,8, 'AA2835'),
(29,3,6,9, 'AA2936'),
(30,3,7,10, 'AA3037'),
(31,3,8,1, 'AA3138'),
(32,3,9,2, 'AA3239'),
(33,3,10,3, 'AA3331'),
(34,3,11,4, 'AA3431'),
(35,3,12,5, 'AA3531'),
(36,3,13,6, 'AA3631'),
(37,4,1,7, 'AA3741'),
(38,4,2,8, 'AA3842'),
(39,4,3,9, 'F93943'),
(40,4,5,10, 'F94045'),
(41,4,6,1, 'F94146'),
(42,4,7,2, 'F94247'),
(43,4,8,3, 'F94348'),
(44,4,9,4, 'F94449'),
(45,4,10,5, 'F94541'),
(46,4,11,6, 'F94641'),
(47,4,12,7, 'F94741'),
(48,4,13,8, 'F94841'),
(49,5,1,9, 'F94951'),
(50,5,2,10, 'F95052'),
(51,5,3,1, 'F95153'),
(52,5,4,2, 'F95254'),
(53,5,6,3, 'F95356'),
(54,5,7,4, 'B65457'),
(55,5,8,5, 'B65558'),
(56,5,9,6, 'B65659'),
(57,5,10,7, 'B65751'),
(58,5,11,8, 'B65851'),
(59,5,12,9, 'B65951'),
(60,5,13,10, 'B66051'),
(61,6,1,1, 'B66161'),
(62,6,2,2, 'B66262'),
(63,6,3,3, 'B66363'),
(64,6,4,4, 'B66464'),
(65,6,5,5, 'B66565'),
(66,6,7,6, 'B66667'),
(67,6,8,7, 'B66768'),
(68,6,9,8, 'B66869'),
(69,6,10,9, 'B66961'),
(70,6,11,10, 'B67061'),
(71,6,12,1, 'B67161'),
(72,6,13,2, 'B67261'),
(73,7,1,3, 'B67371'),
(74,7,2,4, 'WN7472'),
(75,7,3,5, 'WN7573'),
(76,7,4,6, 'WN7674'),
(77,7,5,7, 'WN7775'),
(78,7,6,8, 'WN7876'),
(79,7,8,9, 'WN7978'),
(80,7,9,10, 'WN8079'),
(81,7,10,1, 'WN8171'),
(82,7,11,2, 'WN8271'),
(83,7,12,3, 'WN8371'),
(84,7,13,4, 'WN8471'),
(85,8,1,5, 'WN8581'),
(86,8,2,6, 'WN8682'),
(87,8,3,7, 'WN8783'),
(88,8,4,8, 'WN8884'),
(89,8,5,9, 'WN8985'),
(90,8,6,10, 'WN9086'),
(91,8,7,1, 'WN9187'),
(92,8,9,2, 'WN9289'),
(93,8,10,3, 'WN9381'),
(94,8,11,4, 'WN9481'),
(95,8,12,5, 'WN9581'),
(96,8,13,6, 'WN9681'),
(97,9,1,7, 'WN9791'),
(98,9,2,8, 'WN9892'),
(99,9,3,9, 'WN9993'),
(100,9,4,10, 'WN1009'),
(101,9,5,1, 'WN1019'),
(102,9,6,2, 'WN1029'),
(103,9,7,3, 'DL1039'),
(104,9,8,4, 'DL1049'),
(105,9,10,5, 'DL1059'),
(106,9,11,6, 'DL1069'),
(107,9,12,7, 'DL1079'),
(108,9,13,8, 'DL1089'),
(109,10,1,9, 'DL1091'),
(110,10,2,10, 'DL1101'),
(111,10,3,1, 'DL1111'),
(112,10,4,2, 'DL1121'),
(113,10,5,3, 'DL1131'),
(114,10,6,4, 'DL1141'),
(115,10,7,5, 'DL1151'),
(116,10,8,6, 'DL1161'),
(117,10,9,7, 'DL1171'),
(118,10,11,8, 'DL1181'),
(119,10,12,9, 'UA1191'),
(120,10,13,10, 'UA1201'),
(121,11,1,1, 'UA1211'),
(122,11,2,2, 'UA1221'),
(123,11,3,3, 'UA1231'),
(124,11,4,4, 'UA1241'),
(125,11,5,5, 'UA1251'),
(126,11,6,6, 'UA1261'),
(127,11,7,7, 'UA1271'),
(128,11,8,8, 'UA1281'),
(129,11,9,9, 'UA1291'),
(130,11,10,10, 'UA1301'),
(131,11,12,1, 'UA1311'),
(132,11,13,2, 'UA1321'),
(133,12,1,3, 'UA1331'),
(134,12,2,4, 'UA1341'),
(135,12,3,5, 'UA1351'),
(136,12,4,6, 'UA1361'),
(137,12,5,7, 'UA1371'),
(138,12,6,8, 'UA1381'),
(139,12,7,9, 'UA1391'),
(140,12,8,10, 'UA1401'),
(141,12,9,1, 'UA1411'),
(142,12,10,2, 'UA1421'),
(143,12,11,3, 'UA1431'),
(144,12,13,4, 'UA1441'),
(145,13,1,5, 'UA1451'),
(146,13,2,6, 'UA1461'),
(147,13,3,7, 'UA1471'),
(148,13,4,8, 'UA1481'),
(149,13,5,9, 'UA1491'),
(150,13,6,10, 'UA1501'),
(151,13,7,1, 'UA1511'),
(152,13,8,2, 'UA1521'),
(153,13,9,3, 'UA1531'),
(154,13,10,4, 'UA1541'),
(155,13,11,5, 'UA1551'),
(156,13,12,6, 'UA1561');


DROP TABLE IF EXISTS `airport`;
CREATE TABLE `airport` (
  `airport_id` int(11) NOT NULL AUTO_INCREMENT,
  `airport_code` varchar(255) NOT NULL,
  `airport_name` varchar(255) NOT NULL,
  `airport_city` varchar(255) NOT NULL,
  `airport_state` varchar(64) NOT NULL,
  PRIMARY KEY (`airport_id`)
) ENGINE=InnoDB AUTO_INCREMENT=6 DEFAULT CHARSET=utf8;

TRUNCATE `airport`;
INSERT INTO `airport` (`airport_id`, `airport_code`, `airport_name`, `airport_city`, `airport_state`) VALUES
(1,'ATL','Hartsfield-Jackson International Airport','Atlanta', 'GA'),
(2,'LAX','Los Angeles International Airport','Los Angeles', 'CA'),
(3,'DFW','Dallas/Fort Worth International Airport','Dallas', 'TX'),
(4,'DEN','Denver International Airport','Denver', 'CO'),
(5,'SFO','San Francisco International Airport','San Francisco', 'CA'),
(6,'LAS','McCarran International Airport','Las Vegas', 'NV'),
(7,'SEA','Seattle–Tacoma International Airport','Seattle', 'WA'),
(8,'MIA','Miami International Airport','Miami', 'FL'),
(9,'BOS','Logan International Airport','Boston', 'MA'),
(10,'LGA','LaGuardia Airport','New York City', 'NY'),
(11,'IAD','Washington Dulles International Airport','Washington', 'DC'),
(12,'MCI','Kansas City International Airport','Kansas City', 'MO'),
(13,'PDX','Portland International Airport','Portland', 'OR');

DROP TABLE IF EXISTS `seatmap`;
CREATE TABLE `seatmap` (
  `seatmap_id` int(11) NOT NULL AUTO_INCREMENT,
  `seatmap_hash` varchar(255) NOT NULL,
  PRIMARY KEY (`seatmap_id`)
) ENGINE=InnoDB AUTO_INCREMENT=6 DEFAULT CHARSET=utf8;

INSERT INTO `seatmap` (`seatmap_id`, `seatmap_hash`) VALUES
(1, 'Seat1,Seat2,etc.'),
(2, 'Seat1,Seat2,etc.'),
(3, 'Seat1,Seat2,etc.'),
(4, 'Seat1,Seat2,etc.'),
(5, 'Seat1,Seat2,etc.'),
(6, 'Seat1,Seat2,etc.'),
(7, 'Seat1,Seat2,etc.'),
(8, 'Seat1,Seat2,etc.'),
(9, 'Seat1,Seat2,etc.'),
(10, 'Seat1,Seat2,etc.');

DROP TABLE IF EXISTS `promotion`;
CREATE TABLE `promotion` (
  `promotion_id` int(11) NOT NULL AUTO_INCREMENT,
  `flight_id` int(11) NOT NULL,
  `promotion_name` varchar(255) NOT NULL,
  `promotion_price` int(11) NOT NULL,
  PRIMARY KEY (`promotion_id`)
) ENGINE=InnoDB AUTO_INCREMENT=6 DEFAULT CHARSET=utf8;

INSERT INTO `promotion` (`promotion_id`, `flight_id`, `promotion_name`, `promotion_price`) VALUES
(1,1,'Promotion1',999),
(2,2,'Promotion2',998),
(3,3,'Promotion3',997),
(4,4,'Promotion4',996),
(5,5,'Promotion5',995),
(6,6,'Promotion6',994),
(7,7,'Promotion7',993),
(8,8,'Promotion8',992),
(9,9,'Promotion9',991),
(10,10,'Promotion10',990),
(11,11,'Promotion11',989),
(12,12,'Promotion12',988),
(13,13,'Promotion13',987),
(14,14,'Promotion14',986),
(15,15,'Promotion15',985),
(16,16,'Promotion16',984),
(17,17,'Promotion17',983),
(18,18,'Promotion18',982),
(19,19,'Promotion19',981),
(20,20,'Promotion20',980),
(21,21,'Promotion21',979),
(22,22,'Promotion22',978),
(23,23,'Promotion23',977),
(24,24,'Promotion24',976),
(25,25,'Promotion25',975),
(26,26,'Promotion26',974),
(27,27,'Promotion27',973),
(28,28,'Promotion28',972),
(29,29,'Promotion29',971),
(30,30,'Promotion30',970),
(31,31,'Promotion31',969),
(32,32,'Promotion32',968),
(33,33,'Promotion33',967),
(34,34,'Promotion34',966),
(35,35,'Promotion35',965),
(36,36,'Promotion36',964),
(37,37,'Promotion37',963),
(38,38,'Promotion38',962),
(39,39,'Promotion39',961),
(40,40,'Promotion40',960),
(41,41,'Promotion41',959),
(42,42,'Promotion42',958),
(43,43,'Promotion43',957),
(44,44,'Promotion44',956),
(45,45,'Promotion45',955),
(46,46,'Promotion46',954),
(47,47,'Promotion47',953),
(48,48,'Promotion48',952),
(49,49,'Promotion49',951),
(50,50,'Promotion50',950),
(51,51,'Promotion51',949),
(52,52,'Promotion52',948),
(53,53,'Promotion53',947),
(54,54,'Promotion54',946),
(55,55,'Promotion55',945),
(56,56,'Promotion56',944),
(57,57,'Promotion57',943),
(58,58,'Promotion58',942),
(59,59,'Promotion59',941),
(60,60,'Promotion60',940),
(61,61,'Promotion61',939),
(62,62,'Promotion62',938),
(63,63,'Promotion63',937),
(64,64,'Promotion64',936),
(65,65,'Promotion65',935),
(66,66,'Promotion66',934),
(67,67,'Promotion67',933),
(68,68,'Promotion68',932),
(69,69,'Promotion69',931),
(70,70,'Promotion70',930),
(71,71,'Promotion71',929),
(72,72,'Promotion72',928),
(73,73,'Promotion73',927),
(74,74,'Promotion74',926),
(75,75,'Promotion75',925),
(76,76,'Promotion76',924),
(77,77,'Promotion77',923),
(78,78,'Promotion78',922),
(79,79,'Promotion79',921),
(80,80,'Promotion80',920),
(81,81,'Promotion81',919),
(82,82,'Promotion82',918),
(83,83,'Promotion83',917),
(84,84,'Promotion84',916),
(85,85,'Promotion85',915),
(86,86,'Promotion86',914),
(87,87,'Promotion87',913),
(88,88,'Promotion88',912),
(89,89,'Promotion89',911),
(90,90,'Promotion90',910),
(91,91,'Promotion91',909),
(92,92,'Promotion92',908),
(93,93,'Promotion93',907),
(94,94,'Promotion94',906),
(95,95,'Promotion95',905),
(96,96,'Promotion96',904),
(97,97,'Promotion97',903),
(98,98,'Promotion98',902),
(99,99,'Promotion99',901),
(100,100,'Promotion100',900),
(101,101,'Promotion101',899),
(102,102,'Promotion102',898),
(103,103,'Promotion103',897),
(104,104,'Promotion104',896),
(105,105,'Promotion105',895),
(106,106,'Promotion106',894),
(107,107,'Promotion107',893),
(108,108,'Promotion108',892),
(109,109,'Promotion109',891),
(110,110,'Promotion110',890),
(111,111,'Promotion111',889),
(112,112,'Promotion112',888),
(113,113,'Promotion113',887),
(114,114,'Promotion114',886),
(115,115,'Promotion115',885),
(116,116,'Promotion116',884),
(117,117,'Promotion117',883),
(118,118,'Promotion118',882),
(119,119,'Promotion119',881),
(120,120,'Promotion120',880),
(121,121,'Promotion121',879),
(122,122,'Promotion122',878),
(123,123,'Promotion123',877),
(124,124,'Promotion124',876),
(125,125,'Promotion125',875),
(126,126,'Promotion126',874),
(127,127,'Promotion127',873),
(128,128,'Promotion128',872),
(129,129,'Promotion129',871),
(130,130,'Promotion130',870),
(131,131,'Promotion131',869),
(132,132,'Promotion132',868),
(133,133,'Promotion133',867),
(134,134,'Promotion134',866),
(135,135,'Promotion135',865),
(136,136,'Promotion136',864),
(137,137,'Promotion137',863),
(138,138,'Promotion138',862),
(139,139,'Promotion139',861),
(140,140,'Promotion140',860),
(141,141,'Promotion141',859),
(142,142,'Promotion142',858),
(143,143,'Promotion143',857),
(144,144,'Promotion144',856),
(145,145,'Promotion145',855),
(146,146,'Promotion146',854),
(147,147,'Promotion147',853),
(148,148,'Promotion148',852),
(149,149,'Promotion149',851),
(150,150,'Promotion150',850),
(151,151,'Promotion151',849),
(152,152,'Promotion152',848),
(153,153,'Promotion153',847),
(154,154,'Promotion154',846),
(155,155,'Promotion155',845),
(156,156,'Promotion156',844);



